{"cameraMode":{"drawMode":0,"name":"Shaded","section":"Shading Mode"},"sceneLighting":true,"audioPlay":false,"sceneViewState":{"showFog":true,"showMaterialUpdate":false,"showSkybox":true,"showFlares":true,"showImageEffects":true,"showParticleSystems":true},"in2DMode":false,"pivot":{"x":-30.25242805480957,"y":1.7142362594604493,"z":15.545568466186524},"rotation":{"x":0.03207357972860336,"y":-0.4534827172756195,"z":0.0163325946778059,"w":0.8905380368232727},"size":61.999752044677737,"orthographic":false}