{"cameraMode":{"drawMode":0,"name":"Shaded","section":"Shading Mode"},"sceneLighting":true,"audioPlay":false,"sceneViewState":{"showFog":true,"showMaterialUpdate":false,"showSkybox":true,"showFlares":true,"showImageEffects":true,"showParticleSystems":true},"in2DMode":false,"pivot":{"x":-49.84173583984375,"y":-5.494760036468506,"z":-17.92889976501465},"rotation":{"x":0.03519642353057861,"y":-0.8081598281860352,"z":0.048548001796007159,"w":0.5859028100967407},"size":61.999752044677737,"orthographic":false}